{
  "name": "ionic-service-core",
  "version": "0.1.10",
  "homepage": "http://ionic.io",
  "authors": [
    "Eric Bobbitt <eric@drifty.com",
    "Max Lynch <max@ionicframework.com>",
    "William Pelrine <rudy@drifty.com>"
  ],
  "description": "Core features for the Ionic Platform",
  "main": "ionic-core.js",
  "license": "Apache2",
  "ignore": [
    "**/.*",
    "node_modules",
    "bower_components",
    "test",
    "tests"
  ],
  "_release": "0.1.10",
  "_resolution": {
    "type": "version",
    "tag": "v0.1.10",
    "commit": "6525e1235858244c6473f5074a124891350853dc"
  },
  "_source": "https://github.com/driftyco/ionic-service-core.git",
  "_target": "^0.1.10",
  "_originalSource": "ionic-service-core",
  "_direct": true
}